{
  "posts": [
    {
      "id": 1,
      "title": "json-server",
      "author": "typicode"
    }
  ],
  "comments": [
    {
      "id": 1,
      "body": "some comment",
      "postId": 1
    }
  ],
  "profile": {
    "name": "typicode"
  },
  "employees": [
    {
      "firstName": "Smith",
      "lastName": "Clerk",
      "email": "sclerk@gmail.com",
      "dob": "1988-01-03T18:30:00.000Z",
      "gender": "Male",
      "education": "Post-Graduate",
      "company": "Maveric",
      "experience": "7",
      "package": "20",
      "id": 1
    },
    {
      "firstName": "Allen ",
      "lastName": "Salesman",
      "email": "Asalesman@gmail.com",
      "dob": "1981-02-01T18:30:00.000Z",
      "gender": "Male",
      "education": "Post-Graduate",
      "company": "Accenture",
      "experience": "6",
      "package": "12",
      "id": 2
    },
    {
      "firstName": "Ward",
      "lastName": "Mellon",
      "email": "wmellon@gmail.com",
      "dob": "1996-12-31T18:30:00.000Z",
      "gender": "Male",
      "education": "Graduate",
      "company": "google",
      "experience": "4",
      "package": "10",
      "id": 3
    },
    {
      "firstName": "Jon",
      "lastName": "Melom",
      "email": "jmelom@gmail.com",
      "dob": "1992-07-05T18:30:00.000Z",
      "gender": "Male",
      "education": "Graduate",
      "company": "Cybage",
      "experience": "3",
      "package": "12",
      "id": 4
    },
    {
      "firstName": "Raj",
      "lastName": "Sinha",
      "email": "rsinha@gmail.com",
      "dob": "1985-07-03T18:30:00.000Z",
      "gender": "Female",
      "education": "Post-Graduate",
      "company": "Google",
      "experience": "12",
      "package": "22",
      "id": 5
    },
    {
      "firstName": "Veera",
      "lastName": "Nany",
      "email": "veera@gmail.com",
      "dob": "1998-07-11T18:30:00.000Z",
      "gender": "Female",
      "education": "Post-Graduate",
      "company": "Maveric",
      "experience": "2",
      "package": "4",
      "id": 6
    },
    {
      "firstName": "Meena",
      "lastName": "Sami",
      "email": "msami@gmail.com",
      "dob": "1991-07-07T18:30:00.000Z",
      "gender": "Female",
      "education": "Graduate",
      "company": "Maveric",
      "experience": "4",
      "package": "12",
      "id": 7
    },
    {
      "firstName": "Rajshree",
      "lastName": "Bhosale",
      "email": "raj@gmail.com",
      "dob": "1990-02-05T18:30:00.000Z",
      "gender": "Female",
      "education": "Post-Graduate",
      "company": "Maveric",
      "experience": "3",
      "package": "5",
      "id": 10
    },
    {
      "firstName": "Rajan",
      "lastName": "Rajan",
      "email": "teena@gmail.com",
      "dob": "2023-06-12T18:30:00.000Z",
      "gender": "Female",
      "education": "Diploma",
      "company": "maveric",
      "experience": "5",
      "package": "12",
      "id": 11
    },
    {
      "firstName": "Abhishek",
      "lastName": "Naraynan",
      "email": "text@gmail.com",
      "dob": "2023-06-13T18:30:00.000Z",
      "gender": "Female",
      "education": "Graduate",
      "company": "Google",
      "experience": "2",
      "package": "12",
      "id": 12
    },
    {
      "firstName": "Rajshree",
      "lastName": "Nikam",
      "email": "raj@gmail.com",
      "dob": "2023-06-13T18:30:00.000Z",
      "gender": "Female",
      "education": "Graduate",
      "company": "Google",
      "experience": "5",
      "package": "45",
      "id": 13
    },
    {
      "firstName": "aaaa",
      "lastName": "sas",
      "email": "aaa@gmail.com",
      "dob": "2023-06-20T18:30:00.000Z",
      "gender": "Female",
      "education": "Graduate",
      "company": "google",
      "experience": "4",
      "package": "13",
      "id": 14
    }
  ]
}